trait,pearson,spearman,mae,n
O,0.1191398231783694,0.13427018666594207,0.5415763476148726,100
C,0.06262766792390986,-0.0034994019972536777,0.4321365711915107,100
E,0.028468269537493155,0.03942755347359055,0.5149879973409207,100
A,0.14380696581976837,0.07040842098926352,0.5341771176850234,100
N,0.01810718174130072,0.041037920341420044,0.46706716671605636,100
