{
  "n": 100,
  "traits": {
    "O": {
      "pearson": 0.1346814698172748,
      "spearman": 0.17391012807660064,
      "mae": 0.5562666666666666
    },
    "C": {
      "pearson": -0.08695790694835531,
      "spearman": -0.010995431276166784,
      "mae": 0.5802833333333334
    },
    "E": {
      "pearson": 0.07531445130913725,
      "spearman": 0.09222009651422233,
      "mae": 0.7697833333333334
    },
    "A": {
      "pearson": 0.12773721753894907,
      "spearman": 0.07031051997482146,
      "mae": 0.6527999999999998
    },
    "N": {
      "pearson": 0.024681346102936336,
      "spearman": -0.022123491922112163,
      "mae": 0.5421500000000001
    }
  },
  "macro_avg": {
    "pearson": 0.05509131556398842,
    "spearman": 0.06066436427347309,
    "mae": 0.6202566666666668
  }
}