{
  "n": 100,
  "calibration_applied": false,
  "traits": {
    "O": {
      "pearson": -0.17201189599685465,
      "spearman": -0.1318955787966481,
      "mae": 0.6842666666666666
    },
    "C": {
      "pearson": 0.04405962567215798,
      "spearman": 0.025952637402073302,
      "mae": 0.5093333333333334
    },
    "E": {
      "pearson": 0.04855770186001892,
      "spearman": 0.04279868587787166,
      "mae": 0.6524
    },
    "A": {
      "pearson": 0.14971752503802843,
      "spearman": 0.11170967936532271,
      "mae": 0.5928
    },
    "N": {
      "pearson": 0.12578003829945977,
      "spearman": 0.13789759178885988,
      "mae": 0.48206666666666664
    }
  },
  "macro_avg": {
    "pearson": 0.03922059897456209,
    "spearman": 0.037292603127495896,
    "mae": 0.5841733333333334
  }
}