{
  "n": 499,
  "calibration_applied": false,
  "traits": {
    "O": {
      "pearson": -0.05657476773836059,
      "spearman": -0.039235201610108746,
      "mae": 0.6570875083500334
    },
    "C": {
      "pearson": 0.04612957464130357,
      "spearman": 0.03604662318689192,
      "mae": 0.5079425517702071
    },
    "E": {
      "pearson": 0.09584073351970923,
      "spearman": 0.10579636727191671,
      "mae": 0.6447962591850367
    },
    "A": {
      "pearson": 0.11380542969933824,
      "spearman": 0.13607189548317214,
      "mae": 0.5982331329325317
    },
    "N": {
      "pearson": 0.08955253684490926,
      "spearman": 0.0817287828747301,
      "mae": 0.5240414161656647
    }
  },
  "macro_avg": {
    "pearson": 0.05775070139337994,
    "spearman": 0.06408169344132042,
    "mae": 0.5864201736806947
  }
}