trait,pearson,spearman,mae,n
O,-0.17201189599685465,-0.1318955787966481,0.6842666666666666,100
C,0.04405962567215798,0.025952637402073302,0.5093333333333334,100
E,0.04855770186001892,0.04279868587787166,0.6524,100
A,0.14971752503802843,0.11170967936532271,0.5928,100
N,0.12578003829945977,0.13789759178885988,0.48206666666666664,100
