trait,pearson,spearman,mae,sign_agreement
O,-0.05657476773836059,-0.039235201610108746,0.6570875083500334,0.3907815631262525
C,0.04612957464130357,0.03604662318689192,0.5079425517702071,0.46092184368737477
E,0.09584073351970923,0.10579636727191671,0.6447962591850367,0.32665330661322645
A,0.11380542969933824,0.13607189548317214,0.5982331329325317,0.42084168336673344
N,0.08955253684490926,0.0817287828747301,0.5240414161656647,0.4649298597194389
