Metric,Cohens_d,Regulated_Mean,Baseline_Mean,Difference
EMOTIONAL TONE APPROPRIATE,0.0,1.0,1.0,0.0
RELEVANCE & COHERENCE,0.1817989203973096,1.0,0.9833333333333333,0.01666666666666672
PERSONALITY NEEDS ADDRESSED,4.584456497700719,1.0,0.08620689655172414,0.9137931034482758
