Metric,Mean_Diff,CI_95_Lower,CI_95_Upper,t_statistic,p_value_t,U_statistic,p_value_mann_whitney,Cohens_d,Levene_statistic,p_value_levene,p_shapiro_reg,p_shapiro_base,Normality_Met
Emotional Tone,0.0,,,,,1770.0,1.0,0.0,,,1.0,1.0,True
Relevance Coherence,0.03333333333333344,-0.03268158662165754,0.09934825328832442,0.9915610305527999,0.3234579440777534,1799.5,0.3296474033914154,0.1817989203973096,0.983193277310924,0.32345794407775597,1.0,3.0999278785527514e-17,False
Personality Needs,1.8,1.6526365568031425,1.9473634431968576,23.986426448039595,5.448112111191918e-47,3392.5,3.619825473301493e-23,4.397819496810961,7.103069799348314,0.008782440812074223,1.0,1.4875882426776017e-14,False
